run,seed,nodes,committee,transport,fanout,slots,status,started_utc,finished_utc,elapsed_s,exit_code
750-top-stake-seats-announce-then-request-fall-s0,0,750,top-stake-seats,announce-then-request,all,400,passed,2026-09-10T07:51:12+00:00,2026-09-10T07:59:03+00:00,471.197,0
750-top-stake-seats-push-fall-s0,0,750,top-stake-seats,push,all,400,passed,2026-09-10T07:59:03+00:00,2026-09-10T08:07:14+00:00,491.375,0
750-top-stake-seats-push-late-dedupe-fall-s0,0,750,top-stake-seats,push-late-dedupe,all,400,passed,2026-09-10T08:07:15+00:00,2026-09-10T08:16:14+00:00,539.665,0
1500-top-stake-seats-announce-then-request-fall-s0,0,1500,top-stake-seats,announce-then-request,all,400,passed,2026-09-10T08:16:14+00:00,2026-09-10T08:39:24+00:00,1390.247,0
1500-top-stake-seats-push-fall-s0,0,1500,top-stake-seats,push,all,400,passed,2026-09-10T08:39:25+00:00,2026-09-10T09:02:22+00:00,1377.389,0
1500-top-stake-seats-push-late-dedupe-fall-s0,0,1500,top-stake-seats,push-late-dedupe,all,400,passed,2026-09-10T09:02:22+00:00,2026-09-10T09:26:27+00:00,1445.095,0
750-everyone-announce-then-request-fall-s0,0,750,everyone,announce-then-request,all,400,passed,2026-09-10T09:26:27+00:00,2026-09-10T09:38:05+00:00,697.930,0
750-everyone-push-fall-s0,0,750,everyone,push,all,400,passed,2026-09-10T09:38:05+00:00,2026-09-10T09:52:13+00:00,847.297,0
750-everyone-push-late-dedupe-fall-s0,0,750,everyone,push-late-dedupe,all,400,passed,2026-09-10T09:52:13+00:00,2026-09-10T10:06:15+00:00,842.403,0
1500-everyone-announce-then-request-fall-s0,0,1500,everyone,announce-then-request,all,400,passed,2026-09-10T10:06:15+00:00,2026-09-10T10:38:04+00:00,1909.264,0
1500-everyone-push-fall-s0,0,1500,everyone,push,all,400,passed,2026-09-10T10:38:04+00:00,2026-09-10T11:15:50+00:00,2265.760,0
1500-everyone-push-late-dedupe-fall-s0,0,1500,everyone,push-late-dedupe,all,400,passed,2026-09-10T11:15:50+00:00,2026-09-10T11:54:31+00:00,2321.144,0
750-top-stake-seats-announce-then-request-fall-s1,1,750,top-stake-seats,announce-then-request,all,400,passed,2026-09-10T11:54:31+00:00,2026-09-10T12:03:49+00:00,557.387,0
750-top-stake-seats-push-fall-s1,1,750,top-stake-seats,push,all,400,passed,2026-09-10T12:03:49+00:00,2026-09-10T12:12:44+00:00,534.651,0
750-top-stake-seats-push-late-dedupe-fall-s1,1,750,top-stake-seats,push-late-dedupe,all,400,passed,2026-09-10T12:12:44+00:00,2026-09-10T12:21:35+00:00,530.939,0
1500-top-stake-seats-announce-then-request-fall-s1,1,1500,top-stake-seats,announce-then-request,all,400,passed,2026-09-10T12:21:35+00:00,2026-09-10T12:41:12+00:00,1177.203,0
1500-top-stake-seats-push-fall-s1,1,1500,top-stake-seats,push,all,400,passed,2026-09-10T12:41:12+00:00,2026-09-10T13:02:45+00:00,1292.660,0
1500-top-stake-seats-push-late-dedupe-fall-s1,1,1500,top-stake-seats,push-late-dedupe,all,400,passed,2026-09-10T13:02:45+00:00,2026-09-10T13:34:23+00:00,1898.289,0
750-everyone-announce-then-request-fall-s1,1,750,everyone,announce-then-request,all,400,passed,2026-09-10T13:34:23+00:00,2026-09-10T13:48:39+00:00,855.789,0
750-everyone-push-fall-s1,1,750,everyone,push,all,400,passed,2026-09-10T13:48:39+00:00,2026-09-10T14:01:22+00:00,763.203,0
750-everyone-push-late-dedupe-fall-s1,1,750,everyone,push-late-dedupe,all,400,passed,2026-09-10T14:01:22+00:00,2026-09-10T14:14:57+00:00,814.512,0
1500-everyone-announce-then-request-fall-s1,1,1500,everyone,announce-then-request,all,400,passed,2026-09-10T14:14:57+00:00,2026-09-10T14:47:16+00:00,1939.577,0
1500-everyone-push-fall-s1,1,1500,everyone,push,all,400,passed,2026-09-10T14:47:16+00:00,2026-09-10T15:25:15+00:00,2278.353,0
1500-everyone-push-late-dedupe-fall-s1,1,1500,everyone,push-late-dedupe,all,400,passed,2026-09-10T15:25:15+00:00,2026-09-10T16:03:35+00:00,2299.802,0
750-top-stake-seats-announce-then-request-fall-s2,2,750,top-stake-seats,announce-then-request,all,400,passed,2026-09-10T16:03:35+00:00,2026-09-10T16:12:09+00:00,514.215,0
750-top-stake-seats-push-fall-s2,2,750,top-stake-seats,push,all,400,passed,2026-09-10T16:12:09+00:00,2026-09-10T16:20:56+00:00,526.980,0
750-top-stake-seats-push-late-dedupe-fall-s2,2,750,top-stake-seats,push-late-dedupe,all,400,passed,2026-09-10T16:20:56+00:00,2026-09-10T16:29:57+00:00,541.282,0
1500-top-stake-seats-announce-then-request-fall-s2,2,1500,top-stake-seats,announce-then-request,all,400,passed,2026-09-10T16:29:58+00:00,2026-09-10T16:49:21+00:00,1163.940,0
1500-top-stake-seats-push-fall-s2,2,1500,top-stake-seats,push,all,400,passed,2026-09-10T16:49:22+00:00,2026-09-10T17:10:11+00:00,1249.033,0
1500-top-stake-seats-push-late-dedupe-fall-s2,2,1500,top-stake-seats,push-late-dedupe,all,400,passed,2026-09-10T17:10:11+00:00,2026-09-10T17:32:52+00:00,1360.988,0
750-everyone-announce-then-request-fall-s2,2,750,everyone,announce-then-request,all,400,passed,2026-09-10T17:32:52+00:00,2026-09-10T17:43:31+00:00,639.253,0
750-everyone-push-fall-s2,2,750,everyone,push,all,400,passed,2026-09-10T17:43:31+00:00,2026-09-10T17:55:06+00:00,694.915,0
750-everyone-push-late-dedupe-fall-s2,2,750,everyone,push-late-dedupe,all,400,passed,2026-09-10T17:55:06+00:00,2026-09-10T18:07:53+00:00,766.874,0
1500-everyone-announce-then-request-fall-s2,2,1500,everyone,announce-then-request,all,400,passed,2026-09-10T18:07:53+00:00,2026-09-10T18:37:45+00:00,1792.109,0
1500-everyone-push-fall-s2,2,1500,everyone,push,all,400,passed,2026-09-10T18:37:45+00:00,2026-09-10T19:12:27+00:00,2081.959,0
1500-everyone-push-late-dedupe-fall-s2,2,1500,everyone,push-late-dedupe,all,400,passed,2026-09-10T19:12:27+00:00,2026-09-10T19:49:50+00:00,2243.230,0
750-top-stake-seats-push-f22-s0,0,750,top-stake-seats,push,22,400,passed,2026-09-10T19:49:51+00:00,2026-09-10T19:57:45+00:00,474.256,0
750-top-stake-seats-push-late-dedupe-f22-s0,0,750,top-stake-seats,push-late-dedupe,22,400,passed,2026-09-10T19:57:45+00:00,2026-09-10T20:06:59+00:00,554.140,0
1500-top-stake-seats-push-f22-s0,0,1500,top-stake-seats,push,22,400,passed,2026-09-10T20:06:59+00:00,2026-09-10T20:25:14+00:00,1095.295,0
1500-top-stake-seats-push-late-dedupe-f22-s0,0,1500,top-stake-seats,push-late-dedupe,22,400,passed,2026-09-10T20:25:14+00:00,2026-09-10T20:45:10+00:00,1195.051,0
750-everyone-push-f22-s0,0,750,everyone,push,22,400,passed,2026-09-10T20:45:10+00:00,2026-09-10T20:55:25+00:00,615.353,0
750-everyone-push-late-dedupe-f22-s0,0,750,everyone,push-late-dedupe,22,400,passed,2026-09-10T20:55:25+00:00,2026-09-10T21:06:17+00:00,651.915,0
1500-everyone-push-f22-s0,0,1500,everyone,push,22,400,passed,2026-09-10T21:06:17+00:00,2026-09-10T21:36:14+00:00,1796.995,0
1500-everyone-push-late-dedupe-f22-s0,0,1500,everyone,push-late-dedupe,22,400,passed,2026-09-10T21:36:14+00:00,2026-09-10T22:07:39+00:00,1884.916,0
750-top-stake-seats-push-f22-s1,1,750,top-stake-seats,push,22,400,passed,2026-09-10T22:07:39+00:00,2026-09-10T22:15:41+00:00,481.863,0
750-top-stake-seats-push-late-dedupe-f22-s1,1,750,top-stake-seats,push-late-dedupe,22,400,passed,2026-09-10T22:15:41+00:00,2026-09-10T22:23:52+00:00,491.122,0
1500-top-stake-seats-push-f22-s1,1,1500,top-stake-seats,push,22,400,passed,2026-09-10T22:23:52+00:00,2026-09-10T22:42:03+00:00,1090.791,0
1500-top-stake-seats-push-late-dedupe-f22-s1,1,1500,top-stake-seats,push-late-dedupe,22,400,passed,2026-09-10T22:42:03+00:00,2026-09-10T23:01:29+00:00,1166.082,0
750-everyone-push-f22-s1,1,750,everyone,push,22,400,passed,2026-09-10T23:01:29+00:00,2026-09-10T23:11:28+00:00,598.448,0
750-everyone-push-late-dedupe-f22-s1,1,750,everyone,push-late-dedupe,22,400,passed,2026-09-10T23:11:28+00:00,2026-09-10T23:22:15+00:00,646.913,0
1500-everyone-push-f22-s1,1,1500,everyone,push,22,400,passed,2026-09-10T23:22:15+00:00,2026-09-10T23:49:53+00:00,1658.153,0
1500-everyone-push-late-dedupe-f22-s1,1,1500,everyone,push-late-dedupe,22,400,passed,2026-09-10T23:49:53+00:00,2026-09-11T00:19:51+00:00,1798.346,0
750-top-stake-seats-push-f22-s2,2,750,top-stake-seats,push,22,400,passed,2026-09-11T00:19:52+00:00,2026-09-11T00:27:46+00:00,474.345,0
750-top-stake-seats-push-late-dedupe-f22-s2,2,750,top-stake-seats,push-late-dedupe,22,400,passed,2026-09-11T00:27:46+00:00,2026-09-11T00:35:46+00:00,479.502,0
1500-top-stake-seats-push-f22-s2,2,1500,top-stake-seats,push,22,400,passed,2026-09-11T00:35:46+00:00,2026-09-11T00:53:16+00:00,1050.867,0
1500-top-stake-seats-push-late-dedupe-f22-s2,2,1500,top-stake-seats,push-late-dedupe,22,400,passed,2026-09-11T00:53:17+00:00,2026-09-11T01:11:47+00:00,1110.904,0
750-everyone-push-f22-s2,2,750,everyone,push,22,400,passed,2026-09-11T01:11:48+00:00,2026-09-11T01:22:38+00:00,650.177,0
750-everyone-push-late-dedupe-f22-s2,2,750,everyone,push-late-dedupe,22,400,passed,2026-09-11T01:22:38+00:00,2026-09-11T01:33:56+00:00,677.925,0
1500-everyone-push-f22-s2,2,1500,everyone,push,22,400,passed,2026-09-11T01:33:56+00:00,2026-09-11T01:59:23+00:00,1527.503,0
1500-everyone-push-late-dedupe-f22-s2,2,1500,everyone,push-late-dedupe,22,400,passed,2026-09-11T01:59:24+00:00,2026-09-11T02:27:56+00:00,1712.047,0
750-top-stake-seats-push-f16-s0,0,750,top-stake-seats,push,16,400,passed,2026-09-11T02:27:56+00:00,2026-09-11T02:35:49+00:00,472.851,0
750-top-stake-seats-push-late-dedupe-f16-s0,0,750,top-stake-seats,push-late-dedupe,16,400,passed,2026-09-11T02:35:49+00:00,2026-09-11T02:43:45+00:00,476.693,0
1500-top-stake-seats-push-f16-s0,0,1500,top-stake-seats,push,16,400,passed,2026-09-11T02:43:45+00:00,2026-09-11T03:01:05+00:00,1039.207,0
1500-top-stake-seats-push-late-dedupe-f16-s0,0,1500,top-stake-seats,push-late-dedupe,16,400,passed,2026-09-11T03:01:05+00:00,2026-09-11T03:19:10+00:00,1084.984,0
750-everyone-push-f16-s0,0,750,everyone,push,16,400,passed,2026-09-11T03:19:10+00:00,2026-09-11T03:28:24+00:00,553.997,0
750-everyone-push-late-dedupe-f16-s0,0,750,everyone,push-late-dedupe,16,400,passed,2026-09-11T03:28:24+00:00,2026-09-11T03:38:11+00:00,586.821,0
1500-everyone-push-f16-s0,0,1500,everyone,push,16,400,passed,2026-09-11T03:38:11+00:00,2026-09-11T04:02:30+00:00,1459.566,0
1500-everyone-push-late-dedupe-f16-s0,0,1500,everyone,push-late-dedupe,16,400,passed,2026-09-11T04:02:30+00:00,2026-09-11T04:30:35+00:00,1684.429,0
750-top-stake-seats-push-f16-s1,1,750,top-stake-seats,push,16,400,passed,2026-09-11T04:30:35+00:00,2026-09-11T04:39:00+00:00,504.660,0
750-top-stake-seats-push-late-dedupe-f16-s1,1,750,top-stake-seats,push-late-dedupe,16,400,passed,2026-09-11T04:39:00+00:00,2026-09-11T04:47:31+00:00,511.601,0
1500-top-stake-seats-push-f16-s1,1,1500,top-stake-seats,push,16,400,passed,2026-09-11T04:47:31+00:00,2026-09-11T05:06:19+00:00,1127.514,0
1500-top-stake-seats-push-late-dedupe-f16-s1,1,1500,top-stake-seats,push-late-dedupe,16,400,passed,2026-09-11T05:06:19+00:00,2026-09-11T05:25:54+00:00,1175.256,0
750-everyone-push-f16-s1,1,750,everyone,push,16,400,passed,2026-09-11T05:25:54+00:00,2026-09-11T05:35:55+00:00,600.469,0
750-everyone-push-late-dedupe-f16-s1,1,750,everyone,push-late-dedupe,16,400,passed,2026-09-11T05:35:55+00:00,2026-09-11T05:46:36+00:00,640.823,0
1500-everyone-push-f16-s1,1,1500,everyone,push,16,400,passed,2026-09-11T05:46:36+00:00,2026-09-11T06:14:02+00:00,1645.751,0
1500-everyone-push-late-dedupe-f16-s1,1,1500,everyone,push-late-dedupe,16,400,passed,2026-09-11T06:14:02+00:00,2026-09-11T06:41:12+00:00,1630.364,0
750-top-stake-seats-push-f16-s2,2,750,top-stake-seats,push,16,400,passed,2026-09-11T06:41:12+00:00,2026-09-11T06:50:29+00:00,556.998,0
750-top-stake-seats-push-late-dedupe-f16-s2,2,750,top-stake-seats,push-late-dedupe,16,400,passed,2026-09-11T06:50:30+00:00,2026-09-11T06:59:50+00:00,560.417,0
1500-top-stake-seats-push-f16-s2,2,1500,top-stake-seats,push,16,400,passed,2026-09-11T06:59:50+00:00,2026-09-11T07:17:25+00:00,1054.596,0
1500-top-stake-seats-push-late-dedupe-f16-s2,2,1500,top-stake-seats,push-late-dedupe,16,400,passed,2026-09-11T07:17:25+00:00,2026-09-11T07:34:32+00:00,1027.217,0
750-everyone-push-f16-s2,2,750,everyone,push,16,400,passed,2026-09-11T07:34:32+00:00,2026-09-11T07:44:28+00:00,596.047,0
750-everyone-push-late-dedupe-f16-s2,2,750,everyone,push-late-dedupe,16,400,passed,2026-09-11T07:44:28+00:00,2026-09-11T07:55:40+00:00,671.527,0
1500-everyone-push-f16-s2,2,1500,everyone,push,16,400,passed,2026-09-11T07:55:40+00:00,2026-09-11T08:34:23+00:00,2322.882,0
1500-everyone-push-late-dedupe-f16-s2,2,1500,everyone,push-late-dedupe,16,400,passed,2026-09-11T08:34:23+00:00,2026-09-11T09:16:17+00:00,2514.364,0
750-top-stake-seats-push-f8-s0,0,750,top-stake-seats,push,8,400,passed,2026-09-11T09:16:17+00:00,2026-09-11T09:25:53+00:00,575.438,0
750-top-stake-seats-push-late-dedupe-f8-s0,0,750,top-stake-seats,push-late-dedupe,8,400,passed,2026-09-11T09:25:53+00:00,2026-09-11T09:34:16+00:00,503.411,0
1500-top-stake-seats-push-f8-s0,0,1500,top-stake-seats,push,8,400,passed,2026-09-11T09:34:17+00:00,2026-09-11T09:51:42+00:00,1045.217,0
1500-top-stake-seats-push-late-dedupe-f8-s0,0,1500,top-stake-seats,push-late-dedupe,8,400,passed,2026-09-11T09:51:42+00:00,2026-09-11T10:08:35+00:00,1013.065,0
750-everyone-push-f8-s0,0,750,everyone,push,8,400,passed,2026-09-11T10:08:35+00:00,2026-09-11T10:17:15+00:00,520.045,0
750-everyone-push-late-dedupe-f8-s0,0,750,everyone,push-late-dedupe,8,400,passed,2026-09-11T10:17:15+00:00,2026-09-11T10:26:21+00:00,545.447,0
1500-everyone-push-f8-s0,0,1500,everyone,push,8,400,passed,2026-09-11T10:26:21+00:00,2026-09-11T10:47:51+00:00,1290.459,0
1500-everyone-push-late-dedupe-f8-s0,0,1500,everyone,push-late-dedupe,8,400,passed,2026-09-11T10:47:51+00:00,2026-09-11T11:11:24+00:00,1413.047,0
750-top-stake-seats-push-f8-s1,1,750,top-stake-seats,push,8,400,passed,2026-09-11T11:11:25+00:00,2026-09-11T11:20:12+00:00,527.574,0
750-top-stake-seats-push-late-dedupe-f8-s1,1,750,top-stake-seats,push-late-dedupe,8,400,passed,2026-09-11T11:20:12+00:00,2026-09-11T11:29:04+00:00,531.307,0
1500-top-stake-seats-push-f8-s1,1,1500,top-stake-seats,push,8,400,passed,2026-09-11T11:29:04+00:00,2026-09-11T11:47:39+00:00,1114.805,0
1500-top-stake-seats-push-late-dedupe-f8-s1,1,1500,top-stake-seats,push-late-dedupe,8,400,passed,2026-09-11T11:47:39+00:00,2026-09-11T12:06:41+00:00,1142.310,0
750-everyone-push-f8-s1,1,750,everyone,push,8,400,passed,2026-09-11T12:06:41+00:00,2026-09-11T12:16:45+00:00,604.372,0
750-everyone-push-late-dedupe-f8-s1,1,750,everyone,push-late-dedupe,8,400,passed,2026-09-11T12:16:46+00:00,2026-09-11T12:26:17+00:00,571.133,0
1500-everyone-push-f8-s1,1,1500,everyone,push,8,400,passed,2026-09-11T12:26:17+00:00,2026-09-11T12:46:36+00:00,1218.832,0
1500-everyone-push-late-dedupe-f8-s1,1,1500,everyone,push-late-dedupe,8,400,passed,2026-09-11T12:46:36+00:00,2026-09-11T13:09:35+00:00,1378.906,0
750-top-stake-seats-push-f8-s2,2,750,top-stake-seats,push,8,400,passed,2026-09-11T13:09:35+00:00,2026-09-11T13:19:45+00:00,610.160,0
750-top-stake-seats-push-late-dedupe-f8-s2,2,750,top-stake-seats,push-late-dedupe,8,400,passed,2026-09-11T13:19:45+00:00,2026-09-11T13:29:05+00:00,559.631,0
1500-top-stake-seats-push-f8-s2,2,1500,top-stake-seats,push,8,400,passed,2026-09-11T13:29:05+00:00,2026-09-11T13:47:48+00:00,1122.736,0
1500-top-stake-seats-push-late-dedupe-f8-s2,2,1500,top-stake-seats,push-late-dedupe,8,400,passed,2026-09-11T13:47:48+00:00,2026-09-11T14:06:16+00:00,1108.528,0
750-everyone-push-f8-s2,2,750,everyone,push,8,400,passed,2026-09-11T14:06:17+00:00,2026-09-11T14:15:50+00:00,573.660,0
750-everyone-push-late-dedupe-f8-s2,2,750,everyone,push-late-dedupe,8,400,passed,2026-09-11T14:15:50+00:00,2026-09-11T14:25:37+00:00,586.834,0
1500-everyone-push-f8-s2,2,1500,everyone,push,8,400,passed,2026-09-11T14:25:37+00:00,2026-09-11T14:47:16+00:00,1298.279,0
1500-everyone-push-late-dedupe-f8-s2,2,1500,everyone,push-late-dedupe,8,400,passed,2026-09-11T14:47:16+00:00,2026-09-11T15:10:21+00:00,1385.466,0
